{"type": "FeatureCollection", "generator": "overpass-ide", "copyright": "The data included in this document is from www.openstreetmap.org. The data is made available under ODbL. Certain feature properties are removed to save space", "timestamp": "2023-03-07T06:21:20Z", "features": [{"type": "Feature", "properties": {"name": "Bay", "wikidata": "Q812059", "wikipedia": "en:Bay station"}, "geometry": {"type": "Point", "coordinates": [-79.3902694, 43.6701851]}, "id": "node/25991314"}, {"type": "Feature", "properties": {"name": "Dundas West", "wikidata": "Q1041603", "wikipedia": "en:Dundas West station"}, "geometry": {"type": "Point", "coordinates": [-79.4529728, 43.6570301]}, "id": "node/25991463"}, {"type": "Feature", "properties": {"name": "St. Patrick", "wikidata": "Q1041132", "wikipedia": "en:St. Patrick station"}, "geometry": {"type": "Point", "coordinates": [-79.3882736, 43.6548199]}, "id": "node/26240971"}, {"type": "Feature", "properties": {"name": "Dundas", "wikidata": "Q1074565", "wikipedia": "en:Dundas station (Toronto)"}, "geometry": {"type": "Point", "coordinates": [-79.3810223, 43.6565367]}, "id": "node/26240972"}, {"type": "Feature", "properties": {"name": "St. George", "wikidata": "Q1040713", "wikipedia": "en:St. George station"}, "geometry": {"type": "Point", "coordinates": [-79.398844, 43.6684465]}, "id": "node/34710071"}, {"type": "Feature", "properties": {"name": "Osgoode", "wikidata": "Q1040650", "wikipedia": "en:Osgoode station"}, "geometry": {"type": "Point", "coordinates": [-79.3865409, 43.6508016]}, "id": "node/34710072"}, {"type": "Feature", "properties": {"name": "St. Andrew", "wikidata": "Q1040644", "wikipedia": "en:St. Andrew station"}, "geometry": {"type": "Point", "coordinates": [-79.3848711, 43.6477917]}, "id": "node/34710073"}, {"type": "Feature", "properties": {"name": "King", "wikidata": "Q389687", "wikipedia": "en:King station (Toronto)"}, "geometry": {"type": "Point", "coordinates": [-79.3777538, 43.6489494]}, "id": "node/34710076"}, {"type": "Feature", "properties": {"name": "Queen", "wikidata": "Q289280", "wikipedia": "en:Queen station"}, "geometry": {"type": "Point", "coordinates": [-79.3794575, 43.6529083]}, "id": "node/34710077"}, {"type": "Feature", "properties": {"name": "College", "wikidata": "Q728520", "wikipedia": "en:College station (Toronto)"}, "geometry": {"type": "Point", "coordinates": [-79.3827952, 43.6606617]}, "id": "node/34710078"}, {"type": "Feature", "properties": {"name": "Wellesley", "wikidata": "Q1041179", "wikipedia": "en:Wellesley station"}, "geometry": {"type": "Point", "coordinates": [-79.3838011, 43.6655242]}, "id": "node/34710079"}, {"type": "Feature", "properties": {"name": "St. Clair", "wikidata": "Q1041215", "wikipedia": "en:St. Clair station"}, "geometry": {"type": "Point", "coordinates": [-79.3936947, 43.6879512]}, "id": "node/55493312"}, {"type": "Feature", "properties": {"name": "Eglinton", "wikidata": "Q1040637", "wikipedia": "en:Eglinton station"}, "geometry": {"type": "Point", "coordinates": [-79.39853, 43.7061229]}, "id": "node/55493345"}, {"type": "Feature", "properties": {"name": "Lawrence", "wikidata": "Q681961", "wikipedia": "en:Lawrence station (Toronto)"}, "geometry": {"type": "Point", "coordinates": [-79.4024743, 43.7263483]}, "id": "node/55786835"}, {"type": "Feature", "properties": {"name": "York Mills", "wikidata": "Q964935", "wikipedia": "en:York Mills station"}, "geometry": {"type": "Point", "coordinates": [-79.406657, 43.7440391]}, "id": "node/56922357"}, {"type": "Feature", "properties": {"name": "Finch", "wikidata": "Q1041196", "wikipedia": "en:Finch station"}, "geometry": {"type": "Point", "coordinates": [-79.4158993, 43.7812974]}, "id": "node/56922363"}, {"type": "Feature", "properties": {"name": "Old Mill", "wikidata": "Q1041612", "wikipedia": "en:Old Mill station"}, "geometry": {"type": "Point", "coordinates": [-79.4943338, 43.649826]}, "id": "node/59980039"}, {"type": "Feature", "properties": {"name": "North York Centre", "wikidata": "Q773799", "wikipedia": "en:North York Centre station"}, "geometry": {"type": "Point", "coordinates": [-79.4126298, 43.7686787]}, "id": "node/60355167"}, {"type": "Feature", "properties": {"name": "Summerhill", "wikidata": "Q1040659", "wikipedia": "en:Summerhill station"}, "geometry": {"type": "Point", "coordinates": [-79.3905037, 43.6816776]}, "id": "node/70363937"}, {"type": "Feature", "properties": {"name": "Queen's Park", "wikidata": "Q1040665", "wikipedia": "en:Queen's Park station (Toronto)"}, "geometry": {"type": "Point", "coordinates": [-79.3901923, 43.6596838]}, "id": "node/280372903"}, {"type": "Feature", "properties": {"name": "Sheppard West", "wikidata": "Q1041478", "wikipedia": "en:Sheppard West station"}, "geometry": {"type": "Point", "coordinates": [-79.462248, 43.7492988]}, "id": "node/420561530"}, {"type": "Feature", "properties": {"name": "Keele", "wikidata": "Q1041869", "wikipedia": "en:Keele station"}, "geometry": {"type": "Point", "coordinates": [-79.4595795, 43.655569]}, "id": "node/424028617"}, {"type": "Feature", "properties": {"name": "High Park", "wikidata": "Q1041368", "wikipedia": "en:High Park station"}, "geometry": {"type": "Point", "coordinates": [-79.4668644, 43.6538668]}, "id": "node/424028625"}, {"type": "Feature", "properties": {"name": "Kipling", "wikidata": "Q1041596", "wikipedia": "en:Kipling (TTC)"}, "geometry": {"type": "Point", "coordinates": [-79.5355081, 43.6376161]}, "id": "node/432805453"}, {"type": "Feature", "properties": {"name": "Glencairn", "wikidata": "Q1041497"}, "geometry": {"type": "Point", "coordinates": [-79.4406853, 43.7087117]}, "id": "node/560192986"}, {"type": "Feature", "properties": {"name": "Bloor-Yonge", "wikidata": "Q885413", "wikipedia": "en:Bloor\u2013Yonge station"}, "geometry": {"type": "Point", "coordinates": [-79.3856867, 43.6707855]}, "id": "node/1157217363"}, {"type": "Feature", "properties": {"name": "Runnymede", "wikidata": "Q1041796", "wikipedia": "en:Runnymede station"}, "geometry": {"type": "Point", "coordinates": [-79.4759978, 43.6517026]}, "id": "node/2249683136"}, {"type": "Feature", "properties": {"name": "Jane", "wikidata": "Q1041807", "wikipedia": "en:Jane station"}, "geometry": {"type": "Point", "coordinates": [-79.4838463, 43.6499177]}, "id": "node/2249683137"}, {"type": "Feature", "properties": {"name": "Sherbourne", "wikidata": "Q1042227", "wikipedia": "en:Sherbourne station"}, "geometry": {"type": "Point", "coordinates": [-79.376394, 43.6722828]}, "id": "node/2481423750"}, {"type": "Feature", "properties": {"name": "Castle Frank", "wikidata": "Q653615", "wikipedia": "en:Castle Frank station"}, "geometry": {"type": "Point", "coordinates": [-79.3690458, 43.6734986]}, "id": "node/2707352285"}, {"type": "Feature", "properties": {"name": "Vaughan Metropolitan Centre", "wikidata": "Q3555074", "wikipedia": "en:Vaughan Metropolitan Centre station"}, "geometry": {"type": "Point", "coordinates": [-79.5274638, 43.7942413]}, "id": "node/4357782894"}, {"type": "Feature", "properties": {"name": "Kennedy", "wikidata": "Q1042126", "wikipedia": "en:Kennedy station"}, "geometry": {"type": "Point", "coordinates": [-79.2637529, 43.732429]}, "id": "node/4875013046"}, {"type": "Feature", "properties": {"name": "Downsview Park", "wikidata": "Q4120238", "wikipedia": "en:Downsview Park station"}, "geometry": {"type": "Point", "coordinates": [-79.4784809, 43.7535823]}, "id": "node/5061304513"}, {"type": "Feature", "properties": {"name": "Finch West"}, "geometry": {"type": "Point", "coordinates": [-79.491279, 43.764653]}, "id": "node/5061304514"}, {"type": "Feature", "properties": {"name": "Christie", "wikidata": "Q367503", "wikipedia": "en:Christie station"}, "geometry": {"type": "Point", "coordinates": [-79.4183969, 43.6641066]}, "id": "node/5262888213"}, {"type": "Feature", "properties": {"name": "Sheppard-Yonge", "wikidata": "Q1041444", "wikipedia": "en:Sheppard\u2013Yonge station"}, "geometry": {"type": "Point", "coordinates": [-79.4109148, 43.7614518]}, "id": "node/5318480902"}, {"type": "Feature", "properties": {"name": "Bayview", "wikidata": "Q812633", "wikipedia": "en:Bayview station (Toronto)"}, "geometry": {"type": "Point", "coordinates": [-79.3873787, 43.7667987]}, "id": "node/5318480907"}, {"type": "Feature", "properties": {"name": "Bessarion", "wikidata": "Q830078", "wikipedia": "en:Bessarion station"}, "geometry": {"type": "Point", "coordinates": [-79.3765761, 43.7691308]}, "id": "node/5318484724"}, {"type": "Feature", "properties": {"name": "Don Mills", "wikidata": "Q1042199", "wikipedia": "en:Don Mills station"}, "geometry": {"type": "Point", "coordinates": [-79.3459439, 43.775347]}, "id": "node/5318484736"}, {"type": "Feature", "properties": {"name": "Leslie", "wikidata": "Q1042178", "wikipedia": "en:Leslie station"}, "geometry": {"type": "Point", "coordinates": [-79.365634, 43.7710725]}, "id": "node/5318484741"}, {"type": "Feature", "properties": {"name": "Davisville", "wikidata": "Q1040671", "wikipedia": "en:Davisville station"}, "geometry": {"type": "Point", "coordinates": [-79.3972908, 43.697936]}, "id": "node/5319182778"}, {"type": "Feature", "properties": {"name": "Rosedale", "wikidata": "Q1040680", "wikipedia": "en:Rosedale station (Toronto)"}, "geometry": {"type": "Point", "coordinates": [-79.3884341, 43.6764534]}, "id": "node/5319198159"}, {"type": "Feature", "properties": {"name": "Union", "wikidata": "Q850811", "wikipedia": "en:Union station (TTC)"}, "geometry": {"type": "Point", "coordinates": [-79.3802085, 43.6456424]}, "id": "node/5320067932"}, {"type": "Feature", "properties": {"name": "Spadina", "wikidata": "Q1041160", "wikipedia": "en:Spadina station"}, "geometry": {"type": "Point", "coordinates": [-79.4047039, 43.6685404]}, "id": "node/5320293105"}, {"type": "Feature", "properties": {"name": "Museum", "wikidata": "Q1041205", "wikipedia": "en:Museum station (Toronto)"}, "geometry": {"type": "Point", "coordinates": [-79.3933506, 43.6668462]}, "id": "node/5320293827"}, {"type": "Feature", "properties": {"name": "St. Clair West", "wikidata": "Q1041505", "wikipedia": "en:St. Clair West station"}, "geometry": {"type": "Point", "coordinates": [-79.4157296, 43.6849986]}, "id": "node/5320349308"}, {"type": "Feature", "properties": {"name": "Dupont", "wikidata": "Q1041606", "wikipedia": "en:Dupont station"}, "geometry": {"type": "Point", "coordinates": [-79.406983, 43.6747046]}, "id": "node/5320349317"}, {"type": "Feature", "properties": {"name": "Eglinton West", "wikidata": "Q1041600", "wikipedia": "en:Eglinton West station"}, "geometry": {"type": "Point", "coordinates": [-79.4363964, 43.7000172]}, "id": "node/5320359169"}, {"type": "Feature", "properties": {"name": "Wilson", "wikidata": "Q1041488", "wikipedia": "en:Wilson station (Toronto)"}, "geometry": {"type": "Point", "coordinates": [-79.4500619, 43.7344762]}, "id": "node/5321922638"}, {"type": "Feature", "properties": {"name": "Yorkdale", "wikidata": "Q586583", "wikipedia": "en:Yorkdale station"}, "geometry": {"type": "Point", "coordinates": [-79.4475031, 43.7246418]}, "id": "node/5321922639"}, {"type": "Feature", "properties": {"name": "Lawrence West", "wikidata": "Q1041636", "wikipedia": "en:Lawrence West station"}, "geometry": {"type": "Point", "coordinates": [-79.4439143, 43.7152827]}, "id": "node/5321922640"}, {"type": "Feature", "properties": {"name": "Highway 407", "wikidata": "Q4133001", "wikipedia": "en:Highway 407 station"}, "geometry": {"type": "Point", "coordinates": [-79.5230877, 43.7833141]}, "id": "node/5321964774"}, {"type": "Feature", "properties": {"name": "Pioneer Village", "wikidata": "Q4132835", "wikipedia": "en:Pioneer Village station"}, "geometry": {"type": "Point", "coordinates": [-79.5092824, 43.7768588]}, "id": "node/5321964779"}, {"type": "Feature", "properties": {"name": "Pape", "wikidata": "Q1042388", "wikipedia": "en:Pape station"}, "geometry": {"type": "Point", "coordinates": [-79.3449046, 43.6799212]}, "id": "node/5325077186"}, {"type": "Feature", "properties": {"name": "Royal York", "wikidata": "Q613166", "wikipedia": "en:Royal York station"}, "geometry": {"type": "Point", "coordinates": [-79.5112961, 43.6481827]}, "id": "node/5326455477"}, {"type": "Feature", "properties": {"name": "Islington", "wikidata": "Q1041874", "wikipedia": "en:Islington station (Toronto)"}, "geometry": {"type": "Point", "coordinates": [-79.5248163, 43.645335]}, "id": "node/5326471419"}, {"type": "Feature", "properties": {"name": "Lansdowne", "wikidata": "Q1041863", "wikipedia": "en:Lansdowne station (Toronto)"}, "geometry": {"type": "Point", "coordinates": [-79.4431556, 43.6588892]}, "id": "node/5326476228"}, {"type": "Feature", "properties": {"name": "Dufferin", "wikipedia": "en:Dufferin station"}, "geometry": {"type": "Point", "coordinates": [-79.4353869, 43.6602635]}, "id": "node/5326479603"}, {"type": "Feature", "properties": {"name": "Ossington", "wikidata": "Q1041831", "wikipedia": "en:Ossington station"}, "geometry": {"type": "Point", "coordinates": [-79.4261128, 43.6623839]}, "id": "node/5326487199"}, {"type": "Feature", "properties": {"name": "Bathurst", "wikidata": "Q810804", "wikipedia": "en:Bathurst station (Toronto)"}, "geometry": {"type": "Point", "coordinates": [-79.4112359, 43.6659322]}, "id": "node/5326501680"}, {"type": "Feature", "properties": {"name": "Warden", "wikidata": "Q1042170", "wikipedia": "en:Warden station"}, "geometry": {"type": "Point", "coordinates": [-79.2790432, 43.7111204]}, "id": "node/5326530554"}, {"type": "Feature", "properties": {"name": "Victoria Park", "wikidata": "Q1042160", "wikipedia": "en:Victoria Park station (Toronto)"}, "geometry": {"type": "Point", "coordinates": [-79.288797, 43.6948696]}, "id": "node/5326535707"}, {"type": "Feature", "properties": {"name": "Main Street", "wikidata": "Q1042144", "wikipedia": "en:Main Street station (Toronto)"}, "geometry": {"type": "Point", "coordinates": [-79.3016043, 43.6890489]}, "id": "node/5326541297"}, {"type": "Feature", "properties": {"name": "Woodbine", "wikidata": "Q1042190", "wikipedia": "en:Woodbine station"}, "geometry": {"type": "Point", "coordinates": [-79.3126246, 43.6864139]}, "id": "node/5326548040"}, {"type": "Feature", "properties": {"name": "Coxwell", "wikidata": "Q781541", "wikipedia": "en:Coxwell (TTC)"}, "geometry": {"type": "Point", "coordinates": [-79.323043, 43.6841524]}, "id": "node/5326551838"}, {"type": "Feature", "properties": {"name": "Greenwood", "wikidata": "Q1042118", "wikipedia": "en:Greenwood station (Toronto)"}, "geometry": {"type": "Point", "coordinates": [-79.3302652, 43.6825599]}, "id": "node/5326558129"}, {"type": "Feature", "properties": {"name": "Donlands", "wikidata": "Q1042137", "wikipedia": "en:Donlands station"}, "geometry": {"type": "Point", "coordinates": [-79.3377871, 43.6810265]}, "id": "node/5326559427"}, {"type": "Feature", "properties": {"name": "York University"}, "geometry": {"type": "Point", "coordinates": [-79.4998094, 43.7739018]}, "id": "node/5409164979"}, {"type": "Feature", "properties": {"name": "Chester", "wikidata": "Q1042207", "wikipedia": "en:Chester station (Toronto)"}, "geometry": {"type": "Point", "coordinates": [-79.3525143, 43.6782277]}, "id": "node/8901485524"}]}