[{"type":"Feature","properties":{"name":"Bay"},"geometry":{"type":"Point","coordinates":[-79.3902694,43.6701851]}},{"type":"Feature","properties":{"name":"Dundas West"},"geometry":{"type":"Point","coordinates":[-79.4529728,43.6570301]}},{"type":"Feature","properties":{"name":"St. Patrick"},"geometry":{"type":"Point","coordinates":[-79.3882736,43.6548199]}},{"type":"Feature","properties":{"name":"Dundas"},"geometry":{"type":"Point","coordinates":[-79.3810223,43.6565367]}},{"type":"Feature","properties":{"name":"St. George"},"geometry":{"type":"Point","coordinates":[-79.398844,43.6684465]}},{"type":"Feature","properties":{"name":"Osgoode"},"geometry":{"type":"Point","coordinates":[-79.3865409,43.6508016]}},{"type":"Feature","properties":{"name":"St. Andrew"},"geometry":{"type":"Point","coordinates":[-79.3848711,43.6477917]}},{"type":"Feature","properties":{"name":"King"},"geometry":{"type":"Point","coordinates":[-79.3777538,43.6489494]}},{"type":"Feature","properties":{"name":"Queen"},"geometry":{"type":"Point","coordinates":[-79.3794575,43.6529083]}},{"type":"Feature","properties":{"name":"College"},"geometry":{"type":"Point","coordinates":[-79.3827952,43.6606617]}},{"type":"Feature","properties":{"name":"Wellesley"},"geometry":{"type":"Point","coordinates":[-79.3838011,43.6655242]}},{"type":"Feature","properties":{"name":"St. Clair"},"geometry":{"type":"Point","coordinates":[-79.3936947,43.6879512]}},{"type":"Feature","properties":{"name":"Eglinton"},"geometry":{"type":"Point","coordinates":[-79.39853,43.7061229]}},{"type":"Feature","properties":{"name":"Lawrence"},"geometry":{"type":"Point","coordinates":[-79.4024743,43.7263483]}},{"type":"Feature","properties":{"name":"York Mills"},"geometry":{"type":"Point","coordinates":[-79.406657,43.7440391]}},{"type":"Feature","properties":{"name":"Finch"},"geometry":{"type":"Point","coordinates":[-79.4158993,43.7812974]}},{"type":"Feature","properties":{"name":"Old Mill"},"geometry":{"type":"Point","coordinates":[-79.4943338,43.649826]}},{"type":"Feature","properties":{"name":"North York Centre"},"geometry":{"type":"Point","coordinates":[-79.4126298,43.7686787]}},{"type":"Feature","properties":{"name":"Summerhill"},"geometry":{"type":"Point","coordinates":[-79.3905037,43.6816776]}},{"type":"Feature","properties":{"name":"Queen's Park"},"geometry":{"type":"Point","coordinates":[-79.3901923,43.6596838]}},{"type":"Feature","properties":{"name":"Sheppard West"},"geometry":{"type":"Point","coordinates":[-79.462248,43.7492988]}},{"type":"Feature","properties":{"name":"Keele"},"geometry":{"type":"Point","coordinates":[-79.4595795,43.655569]}},{"type":"Feature","properties":{"name":"High Park"},"geometry":{"type":"Point","coordinates":[-79.4668644,43.6538668]}},{"type":"Feature","properties":{"name":"Kipling"},"geometry":{"type":"Point","coordinates":[-79.5355081,43.6376161]}},{"type":"Feature","properties":{"name":"Glencairn"},"geometry":{"type":"Point","coordinates":[-79.4406853,43.7087117]}},{"type":"Feature","properties":{"name":"Bloor-Yonge"},"geometry":{"type":"Point","coordinates":[-79.3856867,43.6707855]}},{"type":"Feature","properties":{"name":"Runnymede"},"geometry":{"type":"Point","coordinates":[-79.4759978,43.6517026]}},{"type":"Feature","properties":{"name":"Jane"},"geometry":{"type":"Point","coordinates":[-79.4838463,43.6499177]}},{"type":"Feature","properties":{"name":"Sherbourne"},"geometry":{"type":"Point","coordinates":[-79.376394,43.6722828]}},{"type":"Feature","properties":{"name":"Castle Frank"},"geometry":{"type":"Point","coordinates":[-79.3690458,43.6734986]}},{"type":"Feature","properties":{"name":"Vaughan Metropolitan Centre"},"geometry":{"type":"Point","coordinates":[-79.5274638,43.7942413]}},{"type":"Feature","properties":{"name":"Kennedy"},"geometry":{"type":"Point","coordinates":[-79.2637529,43.732429]}},{"type":"Feature","properties":{"name":"Downsview Park"},"geometry":{"type":"Point","coordinates":[-79.4784809,43.7535823]}},{"type":"Feature","properties":{"name":"Finch West"},"geometry":{"type":"Point","coordinates":[-79.491279,43.764653]}},{"type":"Feature","properties":{"name":"Christie"},"geometry":{"type":"Point","coordinates":[-79.4183969,43.6641066]}},{"type":"Feature","properties":{"name":"Sheppard-Yonge"},"geometry":{"type":"Point","coordinates":[-79.4109148,43.7614518]}},{"type":"Feature","properties":{"name":"Bayview"},"geometry":{"type":"Point","coordinates":[-79.3873787,43.7667987]}},{"type":"Feature","properties":{"name":"Bessarion"},"geometry":{"type":"Point","coordinates":[-79.3765761,43.7691308]}},{"type":"Feature","properties":{"name":"Don Mills"},"geometry":{"type":"Point","coordinates":[-79.3459439,43.775347]}},{"type":"Feature","properties":{"name":"Leslie"},"geometry":{"type":"Point","coordinates":[-79.365634,43.7710725]}},{"type":"Feature","properties":{"name":"Davisville"},"geometry":{"type":"Point","coordinates":[-79.3972908,43.697936]}},{"type":"Feature","properties":{"name":"Rosedale"},"geometry":{"type":"Point","coordinates":[-79.3884341,43.6764534]}},{"type":"Feature","properties":{"name":"Union"},"geometry":{"type":"Point","coordinates":[-79.3802085,43.6456424]}},{"type":"Feature","properties":{"name":"Spadina"},"geometry":{"type":"Point","coordinates":[-79.4047039,43.6685404]}},{"type":"Feature","properties":{"name":"Museum"},"geometry":{"type":"Point","coordinates":[-79.3933506,43.6668462]}},{"type":"Feature","properties":{"name":"St. Clair West"},"geometry":{"type":"Point","coordinates":[-79.4157296,43.6849986]}},{"type":"Feature","properties":{"name":"Dupont"},"geometry":{"type":"Point","coordinates":[-79.406983,43.6747046]}},{"type":"Feature","properties":{"name":"Eglinton West"},"geometry":{"type":"Point","coordinates":[-79.4363964,43.7000172]}},{"type":"Feature","properties":{"name":"Wilson"},"geometry":{"type":"Point","coordinates":[-79.4500619,43.7344762]}},{"type":"Feature","properties":{"name":"Yorkdale"},"geometry":{"type":"Point","coordinates":[-79.4475031,43.7246418]}},{"type":"Feature","properties":{"name":"Lawrence West"},"geometry":{"type":"Point","coordinates":[-79.4439143,43.7152827]}},{"type":"Feature","properties":{"name":"Highway 407"},"geometry":{"type":"Point","coordinates":[-79.5230877,43.7833141]}},{"type":"Feature","properties":{"name":"Pioneer Village"},"geometry":{"type":"Point","coordinates":[-79.5092824,43.7768588]}},{"type":"Feature","properties":{"name":"Pape"},"geometry":{"type":"Point","coordinates":[-79.3449046,43.6799212]}},{"type":"Feature","properties":{"name":"Royal York"},"geometry":{"type":"Point","coordinates":[-79.5112961,43.6481827]}},{"type":"Feature","properties":{"name":"Islington"},"geometry":{"type":"Point","coordinates":[-79.5248163,43.645335]}},{"type":"Feature","properties":{"name":"Lansdowne"},"geometry":{"type":"Point","coordinates":[-79.4431556,43.6588892]}},{"type":"Feature","properties":{"name":"Dufferin"},"geometry":{"type":"Point","coordinates":[-79.4353869,43.6602635]}},{"type":"Feature","properties":{"name":"Ossington"},"geometry":{"type":"Point","coordinates":[-79.4261128,43.6623839]}},{"type":"Feature","properties":{"name":"Bathurst"},"geometry":{"type":"Point","coordinates":[-79.4112359,43.6659322]}},{"type":"Feature","properties":{"name":"Warden"},"geometry":{"type":"Point","coordinates":[-79.2790432,43.7111204]}},{"type":"Feature","properties":{"name":"Victoria Park"},"geometry":{"type":"Point","coordinates":[-79.288797,43.6948696]}},{"type":"Feature","properties":{"name":"Main Street"},"geometry":{"type":"Point","coordinates":[-79.3016043,43.6890489]}},{"type":"Feature","properties":{"name":"Woodbine"},"geometry":{"type":"Point","coordinates":[-79.3126246,43.6864139]}},{"type":"Feature","properties":{"name":"Coxwell"},"geometry":{"type":"Point","coordinates":[-79.323043,43.6841524]}},{"type":"Feature","properties":{"name":"Greenwood"},"geometry":{"type":"Point","coordinates":[-79.3302652,43.6825599]}},{"type":"Feature","properties":{"name":"Donlands"},"geometry":{"type":"Point","coordinates":[-79.3377871,43.6810265]}},{"type":"Feature","properties":{"name":"York University"},"geometry":{"type":"Point","coordinates":[-79.4998094,43.7739018]}},{"type":"Feature","properties":{"name":"Chester"},"geometry":{"type":"Point","coordinates":[-79.3525143,43.6782277]}}]